Audio,Group,Eat,Look,Speaker,Vigilance,Relaxed,Calls,Flee,TIF,TOF
Control,CV2,97,3,2,15,0,2,0,120,0
Control,CV2,55,2,0,59,0,0,0,120,0
Control,CV4,49,3,3,26,0,3,0,81,39
Control,CV4,37,3,0,22,0,0,0,62,58
Control,CV7,33,0,0,16,0,0,0,51,69
Control,CV7,43,0,0,51,1,6,0,101,119
Control,CV7,47,0,0,12,0,0,0,60,60
Control,CV7,17,11,0,8,0,0,0,47,73
Control,CV7,18,0,2,14,0,0,0,36,84
Control,TL14,7,0,0,0,0,0,0,16,104
Control,TL14,6,0,0,9,0,0,0,16,104
Control,TL7,16,0,0,30,0,0,0,48,72
Human Speech,CV2,23,0,16,80,0,0,0,120,0
Human Speech,CV2,14,2,2,8,0,0,1,29,91
Human Speech,CV4,15,1,0,17,0,0,0,120,0
Human Speech,CV4,0,0,0,1,0,0,1,4,116
Human Speech,CV4,16,0,9,23,0,0,0,51,69
Human Speech,CV7,8,0,0,15,0,0,0,27,93
Human Speech,CV7,22,0,0,13,0,0,0,37,83
Human Speech,CV7,42,1,0,73,0,4,0,120,0
Human Speech,CV7,9,0,0,16,0,0,0,29,91
Human Speech,CV7,39,0,0,28,0,2,0,76,44
Human Speech,TL14,6,1,0,0,0,0,0,13,107
Human Speech,TL14,6,0,0,0,0,1,0,9,111
Human Speech,TL7,2,0,0,8,0,0,1,12,108
Human Speech,TL7,4,0,0,5,0,0,1,9,111
Motor Boat,CV2,30,11,7,69,0,2,0,120,0
Motor Boat,CV2,41,10,3,66,0,0,0,120,0
Motor Boat,CV4,6,0,0,15,0,0,0,22,98
Motor Boat,CV7,0,0,0,10,0,1,0,12,108
Motor Boat,CV7,48,0,0,12,0,1,0,67,53
Motor Boat,CV7,42,0,0,46,17,1,0,120,0
Motor Boat,CV7,17,0,0,24,0,0,0,42,78
Motor Boat,TL14,4,1,0,3,0,1,1,8,112
Motor Boat,TL14,4,0,0,3,0,0,0,10,110
Motor Boat,TL7,12,0,4,14,0,0,0,31,89
None,CV2,25,1,0,22,17,0,0,72,48
None,CV2,59,0,0,52,0,9,0,120,0
None,CV2,51,4,0,61,0,2,0,119,1
None,CV2,53,0,0,48,0,4,0,120,0
None,CV2,77,5,0,38,0,2,0,120,0
None,CV2,34,0,0,79,0,3,0,120,0
None,CV2,24,0,0,21,0,0,1,45,75
None,CV2,64,11,0,45,0,0,0,120,0
None,CV2,71,2,0,47,0,0,0,120,0
None,CV2,33,0,0,65,0,2,0,98,22
None,CV2,41,15,0,60,0,0,0,120,0
None,CV2,40,9,0,49,0,0,0,120,0
None,CV2,44,7,0,67,0,0,0,120,0
None,CV2,43,1,0,44,0,0,0,105,15
None,CV4,9,1,0,2,0,0,0,15,105
None,CV4,9,0,0,0,0,0,0,15,105
None,CV4,15,0,0,19,0,0,0,34,86
None,CV4,10,0,0,3,0,0,0,14,106
None,CV4,18,0,0,11,0,0,0,30,90
None,CV4,31,0,0,33,0,2,0,78,42
None,CV4,22,0,0,63,0,0,0,86,34
None,CV4,0,0,0,18,0,0,0,19,101
None,CV4,5,0,0,5,0,0,0,11,109
None,CV4,0,0,0,9,0,0,0,11,109
None,CV4,52,0,0,42,0,0,0,99,21
None,CV4,2,0,0,12,0,0,0,14,106
None,CV4,38,1,0,34,0,0,0,77,43
None,CV4,13,2,0,0,0,0,0,17,103
None,CV7,25,0,0,46,0,0,0,72,48
None,CV7,43,0,0,76,0,5,0,120,0
None,CV7,13,0,0,23,0,0,0,58,62
None,CV7,37,0,0,75,0,0,0,120,0
None,CV7,21,2,0,17,0,4,0,41,79
None,CV7,3,0,0,8,0,0,0,21,99
None,CV7,22,7,0,87,0,0,0,120,0
None,CV7,10,0,0,108,0,6,0,120,0
None,CV7,0,0,0,21,0,1,0,23,97
None,CV7,9,0,0,18,0,0,0,27,93
None,CV7,30,0,0,89,0,0,0,120,0
None,CV7,28,2,0,10,0,0,0,42,78
None,CV7,54,0,0,46,1,0,0,107,13
None,CV7,0,0,0,2,0,0,0,4,116
None,TL14,16,0,0,3,0,0,0,21,99
None,TL14,38,6,0,18,12,1,0,78,42
None,TL14,17,2,0,40,0,0,0,65,55
None,TL14,18,2,0,18,0,0,0,39,81
None,TL14,10,0,0,4,0,0,0,14,106
None,TL14,30,1,0,33,0,1,0,68,52
None,TL14,15,4,0,19,7,0,0,45,75
None,TL14,1,0,0,8,0,0,0,9,111
None,TL14,29,2,0,22,0,4,0,45,75
None,TL14,5,0,0,3,0,0,0,9,111
None,TL14,5,0,0,1,0,0,0,6,114
None,TL14,55,2,0,9,0,0,0,68,52
None,TL14,21,0,0,5,0,7,0,44,76
None,TL14,20,0,0,5,0,0,0,30,90
None,TL7,8,0,0,5,0,0,1,13,107
None,TL7,35,1,0,9,0,0,0,48,72
None,TL7,21,0,0,16,0,0,0,42,78
None,TL7,7,0,0,4,0,0,0,12,108
None,TL7,26,13,0,22,0,1,0,61,59
None,TL7,14,0,0,7,0,0,0,36,84
None,TL7,2,0,0,5,0,0,0,12,108
None,TL7,19,0,0,8,0,0,0,30,90
None,TL7,9,0,0,7,0,0,0,22,98
None,TL7,16,0,0,3,0,0,0,20,100
None,TL7,4,0,0,0,0,0,0,6,114
None,TL7,16,0,0,8,0,0,0,24,96
None,TL7,0,38,0,78,0,1,0,120,0
None,TL7,25,2,0,17,0,0,0,45,75
Predator,CV2,63,1,21,28,0,4,0,120,0
Predator,CV2,88,2,0,26,0,0,0,118,2
Predator,CV2,14,0,0,106,0,12,0,120,0
Predator,CV2,35,1,2,79,0,4,0,120,0
Predator,CV4,9,1,6,102,0,0,0,120,0
Predator,CV4,15,1,0,13,0,0,0,29,91
Predator,CV4,14,5,0,5,0,0,1,24,96
Predator,CV7,28,0,0,56,0,5,0,86,34
Predator,CV7,3,34,0,78,0,3,0,115,5
Predator,CV7,6,0,0,8,0,1,1,23,97
Predator,CV7,42,0,0,7,0,2,0,120,0
Predator,CV7,47,0,0,28,0,0,0,76,44
Predator,CV7,45,0,0,62,0,1,0,109,11
Predator,TL14,1,0,0,0,0,5,1,10,110
Predator,TL14,0,5,0,3,0,5,1,9,111
Predator,TL14,3,0,0,3,2,5,1,24,96
Predator,TL7,5,0,1,13,0,2,0,19,101
Predator,TL7,15,0,0,9,0,9,1,26,94